{"cameraMode":{"drawMode":0,"name":"Shaded","section":"Shading Mode"},"sceneLighting":true,"audioPlay":false,"sceneViewState":{"showFog":true,"showMaterialUpdate":false,"showSkybox":false,"showFlares":true,"showImageEffects":true,"showParticleSystems":true},"in2DMode":false,"pivot":{"x":0.8511459827423096,"y":1.4595754146575928,"z":1.125518798828125},"rotation":{"x":0.07969481498003006,"y":0.3115653693675995,"z":-0.026233242824673654,"w":0.9465152621269226},"size":4.2696380615234379,"orthographic":false}