{"cameraMode":{"drawMode":0,"name":"Shaded","section":"Shading Mode"},"sceneLighting":false,"audioPlay":false,"sceneViewState":{"showFog":true,"showMaterialUpdate":false,"showSkybox":false,"showFlares":true,"showImageEffects":true,"showParticleSystems":true},"in2DMode":false,"pivot":{"x":0.0018656007014214993,"y":0.127197265625,"z":-0.030796969309449197},"rotation":{"x":0.2245897799730301,"y":-0.28335803747177126,"z":0.0684407576918602,"w":0.9298334717750549},"size":1.6740124225616456,"orthographic":true}