{"cameraMode":{"drawMode":0,"name":"Shaded","section":"Shading Mode"},"sceneLighting":true,"audioPlay":false,"sceneViewState":{"showFog":true,"showMaterialUpdate":false,"showSkybox":false,"showFlares":true,"showImageEffects":true,"showParticleSystems":true},"in2DMode":false,"pivot":{"x":0.19204378128051759,"y":0.44482675194740298,"z":1.3982195854187012},"rotation":{"x":0.07969481498003006,"y":0.3115653693675995,"z":-0.026233242824673654,"w":0.9465152621269226},"size":6.669779300689697,"orthographic":false}