{"cameraMode":{"drawMode":0,"name":"Shaded","section":"Shading Mode"},"sceneLighting":true,"audioPlay":false,"sceneViewState":{"showFog":true,"showMaterialUpdate":false,"showSkybox":true,"showFlares":true,"showImageEffects":true,"showParticleSystems":true},"in2DMode":false,"pivot":{"x":-150.0,"y":1.2999999523162842,"z":-199.91815185546876},"rotation":{"x":0.14017723500728608,"y":0.30502334237098696,"z":-0.04544413834810257,"w":0.9408749938011169},"size":3.41593074798584,"orthographic":true}